university,country,city,program,field,level,tuition_usd_yearly,min_cgpa,scholarship_available,scholarship_details,application_deadline,qs_rank,ielts_min,accommodation_available,part_time_work,website,source_url,admission_requirements
Monash University,Australia,Melbourne,Bachelor of Computer Science — AI / Data Science specialisations,Data Science,Bachelor,38311,3,Yes,Over 360 scholarship types; values and eligibility vary.,Semester 1 (February) and Semester 2 (July); application route depends on applic,9999,0,Yes,Yes,https://www.monash.edu/,https://www.monash.edu/study/courses/find-a-course/computer-science-c2001?international=true,"International applicants must have an Australian Year 12 equivalent and required academic score; 2027 examples include A-levels 9, IB 28, SAT 1190, ATAR 80; country-specific equivalents apply."
The University of Melbourne,Australia,Melbourne,Bachelor of Science — Computer Science major,Computer Science,Bachelor,29250,3,Yes,Melbourne International Undergraduate Scholarship; Melbourne Chancellor's Scholarship and other scholarships.,Direct international application: 30 Nov 2026 for Feb 2027; 31 May 2027 for July,9999,0,Yes,Yes,https://www.unimelb.edu.au/,https://study.unimelb.edu.au/find/courses/undergraduate/bachelor-of-science/how-to-apply; https://study.unimelb.edu.au/h,Recognised secondary qualification equivalent to Australian Year 12 plus course prerequisites; international applicants must meet English requirements.
UNSW Sydney,Australia,Sydney,Bachelor of Science (Computer Science),Computer Science,Bachelor,39650,3,Yes,UNSW awards scholarships to international students; university states it awards over AUD 83 million in scholarships annually.,Applications close by program/intake; UNSW directs applicants to current interna,9999,0,Yes,Yes,https://www.unsw.edu.au/,https://www.unsw.edu.au/study/undergraduate/bachelor-of-computer-science?studentType=International,"International academic entry requirements; 2026 lowest selection rank 93.0, A levels 15.0, IB 37. International applicants apply through UNSW Applicant Portal/UAC depending on circumstances."
University of Sydney,Australia,Sydney,Master of Engineering,Engineering,Master,36000,3,Yes,Vice-Chancellor scholarship up to 40%,1/15/2027,18,6.5,Yes,Yes,,,
University of British Columbia,Canada,Vancouver,MBA,Business,Master,45000,3.2,Yes,Dean's scholarship up to 30%,1/31/2027,38,7,Yes,Yes,,,
University of British Columbia (UBC),Canada,Vancouver,Computer Science,Computer Science,Bachelor,38750,3,Yes,UBC International Scholars Program and other international awards.,11/15/2026,9999,0,Yes,Yes,https://www.ubc.ca/,https://you.ubc.ca/programs/computer-science-vancouver-bsc/; https://students.ubc.ca/finances/tuition-fees/undergraduate,International admission requirements vary by curriculum; Computer Science BSc includes Science requirements and program-specific requirements.
University of Toronto,Canada,Toronto,Computer Science / Data & Computer Science,Data Science,Bachelor,29250,3,Yes,"Pearson Scholarship for international students; university also has other awards. Pearson covers tuition, books, incidental fees and residence for four years for selected scholars.",2027 full-time international deadline: Jan 15 for listed major faculties/program,9999,0,Yes,Yes,https://www.utoronto.ca/,https://future.utoronto.ca/program/computer-science; https://future.utoronto.ca/deadlines; https://future.utoronto.ca/en,International applicants need senior-level English and program prerequisites; CS requires advanced mathematics; U of T may require a supplemental application for St. George CS.
Tsinghua University,China,Beijing,BS Computer Science,Computer Science,Bachelor,5000,3.5,Yes,Chinese government scholarship (full),1/31/2027,25,6,Yes,Yes,,,
Karlsruhe Institute of Technology (KIT),Germany,Karlsruhe,Computer Science / Informatics,Computer Science,Bachelor,3240,3,Yes,DAAD and KIT funding/financial-aid opportunities; specific awards vary.,Application deadline varies by programme/intake; check current KIT application p,9999,0,Yes,Yes,https://www.kit.edu/,https://www.kit.edu/; https://www.intl.kit.edu/istudies/12591.php,Recognised higher education entrance qualification; programme-specific application and admission requirements apply; international documents may require verification.
RWTH Aachen University,Germany,Aachen,Computer Science (Informatik),Computer Science,Bachelor,250,3,Yes,RWTH notes that full-coverage university scholarships are not typical; DAAD/foundations and other funding opportunities are available.,Deadline varies by admission status/semester; consult current RWTH application p,9999,0,Yes,Yes,https://www.rwth-aachen.de/,https://sc.informatik.rwth-aachen.de/en/studium/bachelor/informatik/; https://www.rwth-aachen.de/cms/root/studium/Vor-de,International applicants need a recognised university entrance qualification; programme is German-taught and admission/document requirements depend on qualification and applicant status.
Technical University of Munich (TUM),Germany,Munich/Garching,Informatics,Computer Science,Bachelor,6480,3,Yes,Scholarships/tuition waivers may be available depending on eligibility.,15 May–15 July for winter semester,9999,0,Yes,Yes,https://www.tum.de/,https://www.tum.de/en/studies/degree-programs/detail/informatics-bachelor-of-science-bsc; https://www.tum.de/en/studies/,Higher education entrance qualification; international applicants generally need preliminary documentation (VPD) via uni-assist; passport and authentic academic documents; aptitude assessment.
Multimedia University (MMU),Malaysia,Cyberjaya,BS Software Engineering; BS Cybersecurity,Computer Science,Bachelor,3800,2.5,Yes,Merit/need-based scholarships — confirm on official site,8/1/2026,9999,5,Yes,Yes,,https://www.mmu.edu.my/admissions,
Sunway University,Malaysia,Petaling Jaya,BS Computer Science; BS Information Technology,Computer Science,Bachelor,5400,2.5,Yes,Merit/need-based scholarships — confirm on official site,9/1/2026,9999,5,Yes,Yes,,https://university.sunway.edu.my/admission,
Universiti Teknologi Malaysia (UTM),Malaysia,Johor Bahru,BS Computer Science; BS Information Technology,Computer Science,Bachelor,4200,2.7,Yes,Merit/need-based scholarships — confirm on official site,6/30/2026,9999,5.5,Yes,Yes,,https://www.utm.my/international,
University of Malaya,Malaysia,Kuala Lumpur,BS Business Administration,Business,Bachelor,6000,3,Yes,ASEAN scholarship 50%,12/15/2026,58,5.5,Yes,Yes,,,
University of Southampton Malaysia,Malaysia,Johor,BEng Computer Science; Electronic Engineering,Computer Science,Bachelor,9500,3.2,Yes,Merit/need-based scholarships — confirm on official site,4/15/2026,9999,6,Yes,Yes,,https://www.southampton.edu.my/admissions,
Air University,Pakistan,Islamabad,BS Computer Science; BS Artificial Intelligence; BS Data Science; BS Cyber Security; BS Software Engineering,Computer Science,Bachelor,963,2,Yes,Air University Merit Scholarship (tuition fee waiver for top entry test rankers); HEC Need-Based Scholarship; Ehsaas / Honhaar Scholarship; Benevolent Fund and Armed Forces quota assistance.,Fall 2026 admissions Phase-1 & Phase-2 deadlines ran between May 2026 and July 2,9999,0,Yes,No,,https://webdata.au.edu.pk/Pages/Admission/fees_financial.aspx,"Minimum 50% marks in Intermediate (F.Sc Pre-Engineering / ICS) or A-Level with Mathematics or equivalent, plus qualifying score in Air University Entry Test (AUET) / NTS NAT."
COMSATS University Islamabad (CUI),Pakistan,Islamabad,BS Computer Science; BS Artificial Intelligence; BS Data Science; BS Cyber Security; BS Software Engineering,Computer Science,Bachelor,1126,2,Yes,CUI Islamabad Top Merit Scholarship; selected merit-based fee waivers for specified programs; Punjab Worker Welfare Fund Talent Scholarship; government/external scholarships announced from time to tim...,Fall 2026: 8 July 2026 for CUI Islamabad. First merit list: 28 July 2026; classe,9999,0,Varies,No,,https://islamabad.comsats.edu.pk/,At least 50% marks in Intermediate/HSSC with Mathematics or equivalent with Mathematics certified by IBCC. Pre-Medical applicants can be eligible with specified Mathematics deficiency courses.
FAST National University of Computer and Emerging Sciences,Pakistan,Islamabad,BS Computer Science; BS Artificial Intelligence; BS Data Science,Computer Science,Bachelor,3200,2.5,Yes,Merit/need-based scholarships — confirm on official site,7/15/2026,9999,0,Yes,No,,https://nu.edu.pk/Admissions,
Ghulam Ishaq Khan Institute of Engineering Sciences and Technology (GIK Institute),Pakistan,"Topi, Swabi, Khyber Pakhtunkhwa",BS Artificial Intelligence; BS Computer Science; BS Data Science; BS Cyber Security; BS Software Engineering,Computer Science,Bachelor,3298,2.4,Yes,"GIK Merit Scholarship; GIK Financial Assistance; top-female financial assistance; CMEEF, CM-Honhaar, PEEF, KPEF, Sindh Scholarship, Ihsan Trust and other donor scholarships.",15 June 2026 for undergraduate applications; financial assistance documents due ,9999,0,Yes,No,,https://giki.edu.pk/,"For AI, CS, Cyber Security and Data Science: HSSC with Mathematics, Physics and another elective, with at least 60% in Mathematics, Physics and overall. A-Level routes have specified D-or-above subject requirements."
Information Technology University (ITU),Pakistan,Lahore,BS Computer Science; BS Artificial Intelligence; BS Software Engineering; BS Computer Engineering; BS Electrical Engineering,Computer Science,Bachelor,1151,2,Yes,"Top 3 Merit Scholarship for new BS intake; CGPA Merit Scholarship for existing BS students; external options including Honhaar, PEEF and HEC Need Based Scholarship.",2026 Round 2 online admission deadline: 5 August 2026. Main 2026 round deadline ,9999,0,Varies,No,,https://itu.edu.pk/,"For BS Computer Science and BS Artificial Intelligence: 50% in Matric/equivalent and 50% in Intermediate/equivalent in eligible groups; ITU Admission Test minimum 50%, or qualifying SAT/USAT exemption route."
Institute of Business Administration (IBA),Pakistan,Karachi,BS Computer Science,Computer Science,Bachelor,3316,2.4,Yes,"IBA Financial Assistance / Need-based scholarships; Merit-based scholarships; Endowed scholarships and external government/corporate scholarship schemes (e.g., Sindh Endowment Fund, HEC Need-Based).",Fall 2026 round application cycle closed.,9999,0,Varies,No,,https://admissions.iba.edu.pk/ugrd_criteria.php?id=MQ==,At least 60% marks in HSSC (Pre-Engineering or General Group with Mathematics) OR A-Level with minimum 1 B and 2 Cs in 3 principal subjects including Mathematics.
Lahore University of Management Sciences (LUMS),Pakistan,Lahore,BS Computer Science,Computer Science,Bachelor,5464,2.8,Yes,100 Undergraduate Merit Scholarships; LUMS Financial Assistance (need-based combination of fee waiver and interest-free loan); National Outreach Programme (NOP) full scholarship; external donor option...,"Fall 2026 application deadline was January 27, 2026. Financial Aid application d",9999,0,Yes,No,,https://lums.edu.pk/programmes/bs-computer-science,Matric/O-Levels with minimum 70% (or average B grade in O-Levels) and FSc/ICS with minimum 70% or A-Levels with average 2 Bs and 1 C across 3 full-credit subjects.
NED University of Engineering and Technology,Pakistan,Karachi,BS Computer Science,Computer Science,Bachelor,467,2.4,Yes,Need-based and Merit-based financial assistance; HEC Need-Based Scholarships; Sindh Educational Endowment Fund (SEEF); University Alumni and Donor Scholarships; Punjab/Other Provincial Endowment Funds...,"For 2026 Undergraduate Admissions, call lists and registration phases run throug",9999,0,Yes,No,,https://www.neduet.edu.pk/,"At least 60% overall in HSC/Equivalent (Pre-Engineering, Computer Science, or Pre-Medical with additional math requirement). Candidates appearing in HSC-II with at least 57% in HSC-I/O-Level are eligible to apply."
National University of Computer & Emerging Sciences (FAST-NUCES),Pakistan,Karachi,BS Computer Science; BS Artificial Intelligence; BS Data Science; BS Software Engineering; BS Cyber Security,Computer Science,Bachelor,1263,2.4,Yes,Merit scholarships; need-based financial assistance/interest-free loans.,"May 20–June 30, 2026 application submission; June 29–July 10, 2026 admission tes",9999,0,Yes,No,,https://khi.nu.edu.pk/,At least 60% in SSC/Matric and 50% in HSSC/equivalent; Mathematics at HSSC level is required for the general computing eligibility stated by FAST.
National University of Sciences and Technology (NUST),Pakistan,Islamabad,BS Computer Science; BS Artificial Intelligence; BS Data Science,Computer Science,Bachelor,1521,2.4,Yes,"Need-based scholarships (partial/full academic expenditure); interest-free loans; external scholarships such as PEEF, CMEEF, BEEF, SEEF, HEC etc.","Fall 2026 cycle is closed. For 2027 UG admissions, NUST lists tentative NET Seri",9999,0,Yes,No,,https://nust.edu.pk/,"Minimum 60% aggregate marks in SSC and HSSC/equivalent. Computing applicants need an eligible background such as Pre-Engineering, Computer Science, Pre-Medical, or HSSC/A-Level with Mathematics as specified by NUST."
"Punjab University College of Information Technology (PUCIT / FCIT), University of the Punjab",Pakistan,Lahore,BS Computer Science; BS Software Engineering; BS Information Technology; BS Data Science,Computer Science,Bachelor,368,2,Yes,Chief Minister's Honhaar Scholarship Program; PEEF Scholarships; PU Need-Based Financial Assistance; HEC Need-Based Scholarships.,Fall 2026 undergraduate admissions cycle processed July–August 2026; merit lists,9999,0,Yes,No,,https://pucit.edu.pk/,At least 50% marks in F.Sc (Pre-Engineering / ICS / General Science with Math) or equivalent 12-year qualification with Mathematics.
Quaid-i-Azam University (QAU),Pakistan,Islamabad,BS Computer Science,Computer Science,Bachelor,748,2,Yes,"HEC Need Based Scholarship; Ehsaas / Honhaar Undergraduate Scholarship; QAU Student Assistance Fund; Punjab & provincial endowment funds (PEEF, BEEF, SEEF).",Fall 2026 regular applications closed in August 2026 (Merit lists published Augu,9999,0,Yes,No,,https://cs.qau.edu.pk/,Intermediate (F.Sc / ICS / A-Level or equivalent) with Mathematics with minimum 50% marks as per QAU eligibility rules.
University of Engineering and Technology (UET) Lahore,Pakistan,Lahore,BS Computer Science,Computer Science,Bachelor,842,2.4,Yes,Honhaar Undergraduate Scholarship Program; HEC Need-Based Scholarship; PEEF Scholarships; UET Merit Scholarships and Alumni Trust Financial Assistance.,Fall 2026 application cycle closed in July–August 2026; second adjusted fee chal,9999,0,Yes,No,,https://admission.uet.edu.pk/,"Minimum 60% marks in Intermediate (F.Sc Pre-Engineering, ICS with Math/Physics/CS) or equivalent qualification; ECAT 2026 entry test score required."
University of Karachi (UBIT - Department of Computer Science),Pakistan,Karachi,BS Computer Science; BS Software Engineering,Computer Science,Bachelor,368,2.2,Yes,Sindh Educational Endowment Fund (SEEF); HEC Need-Based Scholarship; KU Financial Assistance; Donor and Alumni Scholarships.,Undergraduate entry-test based admissions open typically in October–November for,9999,0,Yes,No,,https://www.uok.edu.pk/faculties/computerscience/ubit.php,Minimum 55% marks in Intermediate Science (Pre-Engineering / Computer Science group) or equivalent; University of Karachi Entry Test mandatory.
National University of Singapore,Singapore,Singapore,BS Computer Science,Computer Science,Bachelor,22000,3.6,Yes,Tuition grant + merit awards,2/28/2027,8,6.5,Yes,Yes,,,
Bilkent University,Turkey,Ankara,BS Computer Engineering,Computer Science,Bachelor,14000,3,Yes,Merit scholarship up to 100%,11/1/2026,364,6,Yes,Yes,,,
Middle East Technical University,Turkey,Ankara,BS Mechanical Engineering,Engineering,Bachelor,1000,3.2,Yes,Full tuition waiver for top students,10/31/2026,336,6,Yes,Yes,,,
Ajman University,UAE,Ajman,BS Computer Science; BS Software Engineering,Computer Science,Bachelor,7200,2.5,Yes,Merit/need-based scholarships — confirm on official site,8/15/2026,9999,5,Yes,Yes,,https://www.ajman.ac.ae/en/admission,
American University of Sharjah (AUS),UAE,Sharjah,BS Computer Science; BS Computer Engineering,Computer Science,Bachelor,15000,3.3,Yes,Merit/need-based scholarships — confirm on official site,3/1/2026,9999,6.5,Yes,Yes,,https://www.aus.edu/admissions,
Mohamed bin Zayed University of Artificial Intelligence (MBZUAI),UAE,Abu Dhabi,Artificial Intelligence (Engineering),Computer Science,Bachelor,45000,3.6,Yes,Merit-based and need-based scholarships up to 100% of tuition and cost of attendance; some industry-sponsored seats.,9/7/2026,9999,6.5,Yes,Yes,https://mbzuai.ac.ae/,https://mbzuai.ac.ae/admissions/undergraduate-admissions; https://mbzuai.ac.ae/academics/undergraduate-program/bachelor-,Recognised secondary qualification; minimum overall average 90% or equivalent; leadership/entrepreneurial potential; strong mathematics/science; coding not required; official transcripts.
NYU Abu Dhabi,UAE,Abu Dhabi,Computer Science,Computer Science,Bachelor,68574,3,Yes,"Need-based institutional aid available to all students regardless of citizenship; CSS Profile deadlines: Nov 10, Jan 10, Feb 1 by plan.",Early Decision I: Nov 1; Early Decision II: Jan 1; Regular Decision: Jan 5 (curr,9999,0,Yes,Yes,https://nyuad.nyu.edu/,https://nyuad.nyu.edu/en/academics/undergraduate/majors-and-minors/computer-science-major.html; https://nyuad.nyu.edu/en,Common Application; school report/transcript; teacher/recommender; academic records; quantitative preparation including calculus is recommended/required for CS readiness; NYU is test-optional through 2027-28.
University of Sharjah,UAE,Sharjah,BS Computer Science; BS Information Technology,Computer Science,Bachelor,8800,2.8,Yes,Merit/need-based scholarships — confirm on official site,7/1/2026,9999,5.5,Yes,Yes,,https://www.sharjah.ac.ae/en/Admission,
Imperial College London,UK,London,Computing (BEng),Computer Science,Bachelor,57785,3,Yes,Imperial offers scholarships/funding for international students; specific eligibility varies by award.,"13 January 2027, 18:00 UK time; TMUA required",9999,6.5,Yes,Yes,https://www.imperial.ac.uk/,https://www.imperial.ac.uk/study/courses/undergraduate/computing-beng/; https://www.imperial.ac.uk/study/apply/english-l,Course-specific academic requirements; TMUA required for 2027 entry; UCAS application. Exact qualification requirements depend on curriculum.
University College London (UCL),UK,London,Computer Science,Computer Science,Bachelor,61722,3,Yes,UCL Global Undergraduate Scholarship and other funding opportunities; eligibility varies.,"13 January 2027, 18:00 UK time",9999,0,Yes,Yes,https://www.ucl.ac.uk/,https://www.ucl.ac.uk/study/prospective-students/undergraduate/courses/computer-science-bsc,A*A*A at A level; A* in Mathematics or Further Mathematics; GCSE English and Mathematics at grade C/4; UCAS application.
University of Edinburgh,UK,Edinburgh,Artificial Intelligence and Computer Science / Computer Science,Computer Science,Bachelor,29250,3,Yes,University/college scholarships available; eligibility varies; international scholarship opportunities are listed by Edinburgh.,"13 January 2027, 6:00pm GMT",9999,6.5,Yes,Yes,https://www.ed.ac.uk/,https://study.ed.ac.uk/programmes/undergraduate/66-artificial-intelligence-and-computer-science; https://study.ed.ac.uk/,"Academic qualifications, personal statement, English evidence and reference; international applicants apply through UCAS. Programme-specific academic requirements apply."
University of Manchester,UK,Manchester,MBA,Business,Master,35000,3,Yes,International merit award 20%,6/30/2027,34,6.5,Yes,Yes,,,
University of Oxford,UK,Oxford,Computer Science,Computer Science,Bachelor,84557,3,Yes,Reach Oxford Scholarship and other Oxford/college funding schemes; availability depends on eligibility.,"15 October 2026, 6:00pm BST",9999,0,Yes,Yes,https://www.ox.ac.uk/,https://www.ox.ac.uk/admissions/undergraduate/courses/course-listing/computer-science,A*AA including A*A in Mathematics and Further Mathematics if available; IB 39 with 766 at HL including 7 in HL Mathematics; TMUA required for 2027 entry; UCAS application.
Carnegie Mellon University,USA,Pittsburgh,Computer Science / Artificial Intelligence,Computer Science,Bachelor,69702,3,No,No institutional financial aid for undergraduate international students; external/private funding may be used.,CMU application deadlines vary by admission plan; use current undergraduate admi,9999,7.5,Yes,Yes,https://www.cmu.edu/,https://www.cmu.edu/admission/majors-programs/school-of-computer-science/computer-science; https://www.cmu.edu/admission,"For School of Computer Science: 4 years English, 4 years mathematics, 1 year physics, 2 years chemistry/biology/CS, 2 years foreign language, 3 electives; application and school-specific requirements."
Massachusetts Institute of Technology (MIT),USA,Cambridge,Computer Science and Engineering (Course 6-3),Computer Science,Bachelor,66720,3,Yes,Need-based financial aid; MIT states it meets 100% of demonstrated need for international students who apply for aid.,1/4/2027,9999,0,Yes,Yes,https://www.mit.edu/,https://catalog.mit.edu/mit/undergraduate-education/costs/; https://mitadmissions.org/apply/firstyear/deadlines-requirem,"High school diploma/equivalent; strong preparation in math/science; SAT or ACT required; official transcript, school report and recommendations."
Stanford University,USA,Stanford,Computer Science,Computer Science,Bachelor,67731,3,Yes,Need-based financial aid; Stanford meets demonstrated need for admitted students regardless of citizenship who request aid; no merit scholarships except limited athletic scholarships.,1/5/2027,9999,0,Yes,Yes,https://www.stanford.edu/,https://admission.stanford.edu/apply/first-year/; https://admission.stanford.edu/apply/international/; https://financial,Common Application; transcript; school report/counselor recommendation; two teacher recommendations; ACT or SAT; high-school diploma/equivalent.
University of Illinois Urbana-Champaign,USA,Urbana-Champaign,Computer Science (Grainger Engineering),Computer Science,Bachelor,47800,3,Yes,International scholarships/awards available; eligibility varies by scholarship.,Early Action: Nov 1; Regular: Jan 5 (current first-year timeline),9999,0,Yes,Yes,https://illinois.edu/,https://www.admissions.illinois.edu/; https://cost.illinois.edu/Home/UgradBase?DiffCode=ENG&TableType=1&TermCode=120268;,First-year application; academic preparation; CS is charged at the Engineering rate. International applicants must satisfy Illinois international requirements and submit required academic records.
National University of Sciences and Technology (NUST),Pakistan,Islamabad,MS Data Science,Data Science,Master,3200,3,Yes,Need-based + merit scholarships available,6/30/2027,355,6,Yes,No,https://nust.edu.pk,https://nust.edu.pk,"Bachelor's/transcript, English proficiency, program-specific requirements"
Lahore University of Management Sciences (LUMS),Pakistan,Lahore,MBA,Business,Master,9500,3.2,Yes,LUMS National Outreach Programme,3/15/2027,401,6.5,Yes,No,https://lums.edu.pk,https://lums.edu.pk,"Bachelor's/transcript, English proficiency, program-specific requirements"
Aga Khan University,Pakistan,Karachi,MBBS,Medicine,Bachelor,12000,3.3,Yes,Merit + need-based aid,5/1/2027,,6.5,Yes,No,https://aku.edu,https://aku.edu,"Bachelor's/transcript, English proficiency, program-specific requirements"
University of Engineering and Technology (UET) Lahore,Pakistan,Lahore,MSc Mechanical Engineering,Engineering,Master,2400,2.8,No,,7/15/2027,,6,Yes,Yes,https://uet.edu.pk,https://uet.edu.pk,"Bachelor's/transcript, English proficiency, program-specific requirements"
University of Toronto,Canada,Toronto,Master of Business Administration,Business,Master,42000,3.3,Yes,Rotman merit scholarships,1/15/2027,21,7,Yes,Yes,https://utoronto.ca,https://utoronto.ca,"Bachelor's/transcript, English proficiency, program-specific requirements"
University of Toronto,Canada,Toronto,PhD Computer Science,Computer Science,PhD,8000,3.5,Yes,Fully-funded PhD assistantships,12/1/2026,21,7,Yes,Yes,https://utoronto.ca,https://utoronto.ca,"Bachelor's/transcript, English proficiency, program-specific requirements"
University of British Columbia (UBC),Canada,Vancouver,MD Program,Medicine,Bachelor,27000,3.6,No,,8/1/2027,34,7,Yes,No,https://ubc.ca,https://ubc.ca,"Bachelor's/transcript, English proficiency, program-specific requirements"
University of Melbourne,Australia,Melbourne,Master of Data Science,Data Science,Master,33000,3,Yes,Melbourne Graduate Scholarships,10/31/2027,14,6.5,Yes,Yes,https://unimelb.edu.au,https://unimelb.edu.au,"Bachelor's/transcript, English proficiency, program-specific requirements"
Monash University,Australia,Melbourne,Bachelor of Medicine,Medicine,Bachelor,45000,3.5,No,,9/30/2027,42,7,Yes,No,https://monash.edu,https://monash.edu,"Bachelor's/transcript, English proficiency, program-specific requirements"
University of Sydney,Australia,Sydney,PhD Engineering,Engineering,PhD,9000,3.4,Yes,Sydney Research Excellence Scholarship,11/30/2026,19,6.5,Yes,Yes,https://sydney.edu.au,https://sydney.edu.au,"Bachelor's/transcript, English proficiency, program-specific requirements"
Technical University of Munich (TUM),Germany,Munich,MSc Data Engineering and Analytics,Data Science,Master,0,3,Yes,DAAD partial scholarships,5/31/2027,37,6.5,Yes,Yes,https://tum.de,https://tum.de,"Bachelor's/transcript, English proficiency, program-specific requirements"
RWTH Aachen University,Germany,Aachen,Master of Business and Management,Business,Master,1500,2.8,No,,6/15/2027,106,6.5,Yes,Yes,https://rwth-aachen.de,https://rwth-aachen.de,"Bachelor's/transcript, English proficiency, program-specific requirements"
Karlsruhe Institute of Technology (KIT),Germany,Karlsruhe,MSc Mechanical Engineering,Engineering,Master,1500,3,No,,7/15/2027,96,6.5,Yes,Yes,https://kit.edu,https://kit.edu,"Bachelor's/transcript, English proficiency, program-specific requirements"
National University of Singapore,Singapore,Singapore,Master of Science in Business Analytics,Data Science,Master,41000,3.3,Yes,SINGA scholarship for research tracks,1/31/2027,8,7,Yes,Yes,https://nus.edu.sg,https://nus.edu.sg,"Bachelor's/transcript, English proficiency, program-specific requirements"
National University of Singapore,Singapore,Singapore,Doctor of Medicine,Medicine,Bachelor,22000,3.6,No,,2/28/2027,8,7,Yes,No,https://nus.edu.sg,https://nus.edu.sg,"Bachelor's/transcript, English proficiency, program-specific requirements"
University of Malaya,Malaysia,Kuala Lumpur,MBA,Business,Master,6500,2.8,Yes,Postgraduate research scholarships,6/30/2027,65,6,Yes,Yes,https://um.edu.my,https://um.edu.my,"Bachelor's/transcript, English proficiency, program-specific requirements"
Sunway University,Malaysia,Petaling Jaya,MSc Engineering Management,Engineering,Master,8000,2.7,Yes,Sunway merit scholarship,5/30/2027,,6,Yes,Yes,https://sunwayuniversity.edu.my,https://sunwayuniversity.edu.my,"Bachelor's/transcript, English proficiency, program-specific requirements"
American University of Sharjah (AUS),UAE,Sharjah,MBA,Business,Master,25000,3,Yes,AUS graduate merit scholarships,4/30/2027,379,6.5,Yes,No,https://aus.edu,https://aus.edu,"Bachelor's/transcript, English proficiency, program-specific requirements"
Mohamed bin Zayed University of Artificial Intelligence (MBZUAI),UAE,Abu Dhabi,PhD Machine Learning,Computer Science,PhD,0,3.3,Yes,Fully funded PhD program (tuition + stipend),1/15/2027,,6.5,Yes,Yes,https://mbzuai.ac.ae,https://mbzuai.ac.ae,"Bachelor's/transcript, English proficiency, program-specific requirements"
Imperial College London,UK,London,MSc Data Science,Data Science,Master,41000,3.3,Yes,President's Scholarship,3/31/2027,6,7,Yes,Yes,https://imperial.ac.uk,https://imperial.ac.uk,"Bachelor's/transcript, English proficiency, program-specific requirements"
University of Oxford,UK,Oxford,Doctor of Medicine,Medicine,Bachelor,45000,3.7,Yes,Clarendon Scholarship,10/15/2026,3,7.5,Yes,No,https://ox.ac.uk,https://ox.ac.uk,"Bachelor's/transcript, English proficiency, program-specific requirements"
University of Manchester,UK,Manchester,MSc Advanced Engineering,Engineering,Master,32000,3,Yes,Manchester Global Futures Scholarship,5/1/2027,32,6.5,Yes,Yes,https://manchester.ac.uk,https://manchester.ac.uk,"Bachelor's/transcript, English proficiency, program-specific requirements"
Massachusetts Institute of Technology (MIT),USA,Cambridge,PhD Data Science,Data Science,PhD,0,3.7,Yes,Fully funded PhD assistantships,12/15/2026,1,7,Yes,Yes,https://mit.edu,https://mit.edu,"Bachelor's/transcript, English proficiency, program-specific requirements"
Stanford University,USA,Stanford,MBA,Business,Master,76000,3.6,Yes,Knight-Hennessy Scholars,1/5/2027,5,7,Yes,No,https://stanford.edu,https://stanford.edu,"Bachelor's/transcript, English proficiency, program-specific requirements"
Carnegie Mellon University,USA,Pittsburgh,MSc Mechanical Engineering,Engineering,Master,52000,3.3,Yes,CMU merit scholarships,2/1/2027,52,7,Yes,Yes,https://cmu.edu,https://cmu.edu,"Bachelor's/transcript, English proficiency, program-specific requirements"
Middle East Technical University,Turkey,Ankara,MSc Data Science,Data Science,Master,3000,2.7,Yes,METU graduate scholarships,6/1/2027,601,6,Yes,Yes,https://metu.edu.tr,https://metu.edu.tr,"Bachelor's/transcript, English proficiency, program-specific requirements"
Bilkent University,Turkey,Ankara,MD Program,Medicine,Bachelor,15000,3.2,Yes,Full/partial tuition scholarships,6/1/2027,,6.5,Yes,No,https://bilkent.edu.tr,https://bilkent.edu.tr,"Bachelor's/transcript, English proficiency, program-specific requirements"
Tsinghua University,China,Beijing,Master of Business Administration,Business,Master,12000,3,Yes,Chinese Government Scholarship (CSC),3/1/2027,20,6.5,Yes,Yes,https://tsinghua.edu.cn,https://tsinghua.edu.cn,"Bachelor's/transcript, English proficiency, program-specific requirements"
FAST National University of Computer and Emerging Sciences,Pakistan,Karachi,MS Computer Science,Computer Science,Master,2800,3,Yes,FAST merit scholarships,6/30/2027,,6,Yes,Yes,https://nu.edu.pk,https://nu.edu.pk,"Bachelor's/transcript, English proficiency, program-specific requirements"
Air University,Pakistan,Islamabad,MS Data Science,Data Science,Master,2200,2.8,Yes,Air University merit scholarships,7/1/2027,,6,Yes,Yes,https://au.edu.pk,https://au.edu.pk,"Bachelor's/transcript, English proficiency, program-specific requirements"
University of Malaya,Malaysia,Kuala Lumpur,Bachelor of Business Administration,Business,Bachelor,4200,2.8,Yes,Merit-based tuition waiver,6/30/2027,65,6,Yes,Yes,https://um.edu.my,https://um.edu.my,"Bachelor's/transcript, English proficiency, program-specific requirements"
Sunway University,Malaysia,Petaling Jaya,Bachelor of Engineering (Mechanical),Engineering,Bachelor,6500,2.7,Yes,Sunway entrance scholarship,5/30/2027,,6,Yes,Yes,https://sunwayuniversity.edu.my,https://sunwayuniversity.edu.my,"Bachelor's/transcript, English proficiency, program-specific requirements"
National University of Sciences and Technology (NUST),Pakistan,Islamabad,BS Data Science,Data Science,Bachelor,2600,2.8,Yes,Need-based + merit scholarships available,6/30/2027,355,6,Yes,No,https://nust.edu.pk,https://nust.edu.pk,"Bachelor's/transcript, English proficiency, program-specific requirements"
Lahore University of Management Sciences (LUMS),Pakistan,Lahore,BS Business Administration,Business,Bachelor,8000,3,Yes,LUMS National Outreach Programme,3/15/2027,401,6.5,Yes,No,https://lums.edu.pk,https://lums.edu.pk,"Bachelor's/transcript, English proficiency, program-specific requirements"
University of Engineering and Technology (UET) Lahore,Pakistan,Lahore,BSc Mechanical Engineering,Engineering,Bachelor,1800,2.5,No,,7/15/2027,,6,Yes,Yes,https://uet.edu.pk,https://uet.edu.pk,"Bachelor's/transcript, English proficiency, program-specific requirements"
FAST National University of Computer and Emerging Sciences,Pakistan,Karachi,BS Data Science,Data Science,Bachelor,2500,2.8,Yes,FAST merit scholarships,6/30/2027,,6,Yes,Yes,https://nu.edu.pk,https://nu.edu.pk,"Bachelor's/transcript, English proficiency, program-specific requirements"
University of Toronto,Canada,Toronto,Bachelor of Commerce,Business,Bachelor,45000,3.2,Yes,Rotman merit scholarships,1/15/2027,21,6.5,Yes,Yes,https://utoronto.ca,https://utoronto.ca,"Bachelor's/transcript, English proficiency, program-specific requirements"
University of British Columbia (UBC),Canada,Vancouver,Bachelor of Applied Science (Engineering),Engineering,Bachelor,40000,3,Yes,UBC Centennial Scholars,1/31/2027,34,6.5,Yes,Yes,https://ubc.ca,https://ubc.ca,"Bachelor's/transcript, English proficiency, program-specific requirements"
University of Melbourne,Australia,Melbourne,Bachelor of Science (Data Science),Data Science,Bachelor,38000,2.9,Yes,Melbourne Chancellor's Scholarship,10/31/2027,14,6.5,Yes,Yes,https://unimelb.edu.au,https://unimelb.edu.au,"Bachelor's/transcript, English proficiency, program-specific requirements"
Monash University,Australia,Melbourne,Bachelor of Business,Business,Bachelor,34000,2.8,Yes,Monash International Merit Scholarship,9/30/2027,42,6.5,Yes,Yes,https://monash.edu,https://monash.edu,"Bachelor's/transcript, English proficiency, program-specific requirements"
Technical University of Munich (TUM),Germany,Munich,Bachelor of Mechanical Engineering,Engineering,Bachelor,0,2.8,No,,5/31/2027,37,6,Yes,Yes,https://tum.de,https://tum.de,"Bachelor's/transcript, English proficiency, program-specific requirements"
National University of Singapore,Singapore,Singapore,Bachelor of Business Administration,Business,Bachelor,30000,3,Yes,ASEAN Undergraduate Scholarship,1/31/2027,8,6.5,Yes,Yes,https://nus.edu.sg,https://nus.edu.sg,"Bachelor's/transcript, English proficiency, program-specific requirements"
Imperial College London,UK,London,BEng Mechanical Engineering,Engineering,Bachelor,35000,3,Yes,President's Scholarship,1/25/2027,6,6.5,Yes,Yes,https://imperial.ac.uk,https://imperial.ac.uk,"Bachelor's/transcript, English proficiency, program-specific requirements"
University of Manchester,UK,Manchester,BSc Data Science,Data Science,Bachelor,28000,2.7,Yes,Manchester Means Excellence Scholarship,1/15/2027,32,6,Yes,Yes,https://manchester.ac.uk,https://manchester.ac.uk,"Bachelor's/transcript, English proficiency, program-specific requirements"
Air University,Pakistan,Islamabad,BS Business Analytics,Business,Bachelor,1800,2.5,Yes,Air University merit scholarships,7/1/2027,,5.5,Yes,Yes,https://au.edu.pk,https://au.edu.pk,"Bachelor's/transcript, English proficiency, program-specific requirements"
Aga Khan University,Pakistan,Karachi,BSc Nursing (pre-medical track),Medicine,Bachelor,5000,3,Yes,Merit + need-based aid,5/1/2027,,6,Yes,No,https://aku.edu,https://aku.edu,"Bachelor's/transcript, English proficiency, program-specific requirements"
University of Malaya,Malaysia,Kuala Lumpur,MBBS,Medicine,Bachelor,14000,3.3,Yes,Postgraduate research scholarships,6/30/2027,65,6.5,Yes,No,https://um.edu.my,https://um.edu.my,"Bachelor's/transcript, English proficiency, program-specific requirements"
Middle East Technical University,Turkey,Ankara,BSc Computer Engineering,Computer Science,Bachelor,2200,2.5,Yes,METU undergraduate scholarships,6/1/2027,601,5.5,Yes,Yes,https://metu.edu.tr,https://metu.edu.tr,"Bachelor's/transcript, English proficiency, program-specific requirements"
RWTH Aachen University,Germany,Aachen,Bachelor of Data Science,Data Science,Bachelor,1500,2.6,No,,6/15/2027,106,6,Yes,Yes,https://rwth-aachen.de,https://rwth-aachen.de,"Bachelor's/transcript, English proficiency, program-specific requirements"
American University of Sharjah (AUS),UAE,Sharjah,BBA,Business,Bachelor,20000,2.8,Yes,AUS undergraduate merit scholarships,4/30/2027,379,6,Yes,No,https://aus.edu,https://aus.edu,"Bachelor's/transcript, English proficiency, program-specific requirements"
Massachusetts Institute of Technology (MIT),USA,Cambridge,MEng Engineering,Engineering,Master,56329,2.6,Yes,Merit-based scholarships typically available,9/30/2027,1,6.5,Yes,Yes,,,"Bachelor's/transcript, English proficiency, program-specific requirements"
Imperial College London,UK,London,MBBS,Medicine,Bachelor,40528,3.5,Yes,Merit-based scholarships typically available,9/30/2027,2,6.5,No,No,,,"Bachelor's/transcript, English proficiency, program-specific requirements"
Imperial College London,UK,London,Bachelor of Business Administration,Business,Bachelor,29244,3.1,Yes,Merit-based scholarships typically available,3/1/2027,2,7,Yes,Yes,,,"Bachelor's/transcript, English proficiency, program-specific requirements"
University of Oxford,UK,Oxford,PhD Medical Sciences,Medicine,PhD,9632,3.4,No,,3/1/2027,3,6.5,No,Yes,,,"Bachelor's/transcript, English proficiency, program-specific requirements"
University of Oxford,UK,Oxford,MSc Computer Science,Computer Science,Master,25192,3.3,No,,9/30/2027,3,6.5,No,Yes,,,"Bachelor's/transcript, English proficiency, program-specific requirements"
Harvard University,USA,Cambridge,Master of Business Administration (MBA),Business,Master,50256,3.5,No,,5/31/2027,4,7,Yes,Yes,,,"Bachelor's/transcript, English proficiency, program-specific requirements"
Harvard University,USA,Cambridge,PhD Medical Sciences,Medicine,PhD,18165,2.6,Yes,Merit-based scholarships typically available,5/31/2027,4,7,Yes,No,,,"Bachelor's/transcript, English proficiency, program-specific requirements"
University of Cambridge,UK,Cambridge,BEng Mechanical Engineering,Engineering,Bachelor,38775,2.7,Yes,Merit-based scholarships typically available,5/31/2027,5,6.5,Yes,No,,,"Bachelor's/transcript, English proficiency, program-specific requirements"
University of Cambridge,UK,Cambridge,BSc Computer Science,Computer Science,Bachelor,24543,3.1,No,,5/31/2027,5,7,No,No,,,"Bachelor's/transcript, English proficiency, program-specific requirements"
Stanford University,USA,Stanford,PhD Medical Sciences,Medicine,PhD,18333,2.6,Yes,Merit-based scholarships typically available,1/15/2027,6,7,Yes,Yes,,,"Bachelor's/transcript, English proficiency, program-specific requirements"
Stanford University,USA,Stanford,Bachelor of Business Administration,Business,Bachelor,58958,2.8,No,,9/30/2027,6,7,Yes,No,,,"Bachelor's/transcript, English proficiency, program-specific requirements"
ETH Zurich,Switzerland,Zurich,MEng Engineering,Engineering,Master,4411,3.2,Yes,Merit-based scholarships typically available,6/30/2027,7,6,Yes,No,,,"Bachelor's/transcript, English proficiency, program-specific requirements"
ETH Zurich,Switzerland,Zurich,BSc Computer Science,Computer Science,Bachelor,3528,2.9,Yes,Merit-based scholarships typically available,6/30/2027,7,6,Yes,No,,,"Bachelor's/transcript, English proficiency, program-specific requirements"
National University of Singapore,Singapore,Singapore,BEng Mechanical Engineering,Engineering,Bachelor,29945,2.7,Yes,Merit-based scholarships typically available,3/1/2027,8,6.5,Yes,No,,,"Bachelor's/transcript, English proficiency, program-specific requirements"
UCL (University College London),UK,London,MD (Postgraduate),Medicine,Master,31238,2.7,Yes,Merit-based scholarships typically available,9/30/2027,9,7,No,No,,,"Bachelor's/transcript, English proficiency, program-specific requirements"
UCL (University College London),UK,London,BSc Data Science,Data Science,Bachelor,38891,3.2,No,,1/15/2027,9,7,No,No,,,"Bachelor's/transcript, English proficiency, program-specific requirements"
California Institute of Technology (Caltech),USA,Pasadena,Master of Business Administration (MBA),Business,Master,38392,3.2,Yes,Merit-based scholarships typically available,1/15/2027,10,6.5,Yes,Yes,,,"Bachelor's/transcript, English proficiency, program-specific requirements"
California Institute of Technology (Caltech),USA,Pasadena,MD (Postgraduate),Medicine,Master,40318,2.9,Yes,Merit-based scholarships typically available,1/15/2027,10,6.5,Yes,Yes,,,"Bachelor's/transcript, English proficiency, program-specific requirements"
University of Pennsylvania,USA,Philadelphia,MD (Postgraduate),Medicine,Master,55110,2.6,Yes,Merit-based scholarships typically available,3/1/2027,12,7,Yes,No,,,"Bachelor's/transcript, English proficiency, program-specific requirements"
University of Pennsylvania,USA,Philadelphia,MSc Computer Science,Computer Science,Master,54735,3,Yes,Merit-based scholarships typically available,1/15/2027,12,7,Yes,No,,,"Bachelor's/transcript, English proficiency, program-specific requirements"
"University of California, Berkeley",USA,Berkeley,Bachelor of Business Administration,Business,Bachelor,39722,3.3,Yes,Merit-based scholarships typically available,5/31/2027,13,7,No,Yes,,,"Bachelor's/transcript, English proficiency, program-specific requirements"
"University of California, Berkeley",USA,Berkeley,PhD Engineering,Engineering,PhD,10726,3.5,Yes,Merit-based scholarships typically available,9/30/2027,13,7,Yes,Yes,,,"Bachelor's/transcript, English proficiency, program-specific requirements"
Nanyang Technological University (NTU),Singapore,Singapore,PhD Medical Sciences,Medicine,PhD,8394,3.4,No,,9/30/2027,15,7,Yes,No,,,"Bachelor's/transcript, English proficiency, program-specific requirements"
Nanyang Technological University (NTU),Singapore,Singapore,BEng Mechanical Engineering,Engineering,Bachelor,41472,3.2,Yes,Merit-based scholarships typically available,9/30/2027,15,6.5,Yes,No,,,"Bachelor's/transcript, English proficiency, program-specific requirements"
Cornell University,USA,Ithaca,PhD Data Science,Data Science,PhD,15344,3.3,Yes,Merit-based scholarships typically available,1/15/2027,17,7,Yes,No,,,"Bachelor's/transcript, English proficiency, program-specific requirements"
Cornell University,USA,Ithaca,MBBS,Medicine,Bachelor,57692,3.6,No,,6/30/2027,17,7,Yes,Yes,,,"Bachelor's/transcript, English proficiency, program-specific requirements"
University of Melbourne,Australia,Melbourne,BSc Data Science,Data Science,Bachelor,43403,2.9,Yes,Merit-based scholarships typically available,6/30/2027,14,6.5,Yes,No,,,"Bachelor's/transcript, English proficiency, program-specific requirements"
University of Melbourne,Australia,Melbourne,PhD Computer Science,Computer Science,PhD,9233,2.6,No,,6/30/2027,14,6.5,Yes,Yes,,,"Bachelor's/transcript, English proficiency, program-specific requirements"
Peking University,China,Beijing,Bachelor of Business Administration,Business,Bachelor,10485,2.9,Yes,Merit-based scholarships typically available,1/15/2027,16,6,Yes,Yes,,,"Bachelor's/transcript, English proficiency, program-specific requirements"
Peking University,China,Beijing,BEng Mechanical Engineering,Engineering,Bachelor,6476,3.5,No,,3/1/2027,16,6.5,No,No,,,"Bachelor's/transcript, English proficiency, program-specific requirements"
University of Hong Kong,Hong Kong,Hong Kong,BSc Data Science,Data Science,Bachelor,18233,3.2,No,,9/30/2027,11,6.5,Yes,Yes,,,"Bachelor's/transcript, English proficiency, program-specific requirements"
University of Hong Kong,Hong Kong,Hong Kong,MBBS,Medicine,Bachelor,18458,2.7,Yes,Merit-based scholarships typically available,9/30/2027,11,6.5,No,No,,,"Bachelor's/transcript, English proficiency, program-specific requirements"
University of Chicago,USA,Chicago,BEng Mechanical Engineering,Engineering,Bachelor,36995,2.9,No,,6/30/2027,18,7,No,Yes,,,"Bachelor's/transcript, English proficiency, program-specific requirements"
University of Chicago,USA,Chicago,PhD Business Administration,Business,PhD,11992,3.1,No,,6/30/2027,18,6.5,No,Yes,,,"Bachelor's/transcript, English proficiency, program-specific requirements"
Yale University,USA,New Haven,BSc Data Science,Data Science,Bachelor,50515,3.3,No,,9/30/2027,19,6.5,Yes,No,,,"Bachelor's/transcript, English proficiency, program-specific requirements"
Yale University,USA,New Haven,MBBS,Medicine,Bachelor,63941,2.6,No,,3/1/2027,19,7,Yes,Yes,,,"Bachelor's/transcript, English proficiency, program-specific requirements"
Tsinghua University,China,Beijing,PhD Medical Sciences,Medicine,PhD,1336,3,Yes,Merit-based scholarships typically available,9/30/2027,20,6,No,No,,,"Bachelor's/transcript, English proficiency, program-specific requirements"
Tsinghua University,China,Beijing,Master of Business Administration (MBA),Business,Master,12325,3.4,No,,9/30/2027,20,6,No,No,,,"Bachelor's/transcript, English proficiency, program-specific requirements"
University of Toronto,Canada,Toronto,MD (Postgraduate),Medicine,Master,22493,2.6,Yes,Merit-based scholarships typically available,6/30/2027,21,7,Yes,Yes,,,"Bachelor's/transcript, English proficiency, program-specific requirements"
University of Toronto,Canada,Toronto,MSc Data Science,Data Science,Master,20396,3.2,Yes,Merit-based scholarships typically available,1/15/2027,21,6.5,No,No,,,"Bachelor's/transcript, English proficiency, program-specific requirements"
Princeton University,USA,Princeton,BSc Data Science,Data Science,Bachelor,50326,3.3,Yes,Merit-based scholarships typically available,1/15/2027,22,7,Yes,Yes,,,"Bachelor's/transcript, English proficiency, program-specific requirements"
Princeton University,USA,Princeton,PhD Engineering,Engineering,PhD,18683,2.7,Yes,Merit-based scholarships typically available,6/30/2027,22,7,Yes,No,,,"Bachelor's/transcript, English proficiency, program-specific requirements"
Columbia University,USA,New York,MSc Data Science,Data Science,Master,38021,2.9,No,,5/31/2027,23,7,Yes,Yes,,,"Bachelor's/transcript, English proficiency, program-specific requirements"
Columbia University,USA,New York,MEng Engineering,Engineering,Master,45862,3.2,No,,9/30/2027,23,6.5,Yes,Yes,,,"Bachelor's/transcript, English proficiency, program-specific requirements"
Johns Hopkins University,USA,Baltimore,MSc Computer Science,Computer Science,Master,43910,3.5,Yes,Merit-based scholarships typically available,3/1/2027,25,7,Yes,No,,,"Bachelor's/transcript, English proficiency, program-specific requirements"
Johns Hopkins University,USA,Baltimore,PhD Medical Sciences,Medicine,PhD,18550,2.9,Yes,Merit-based scholarships typically available,9/30/2027,25,7,No,No,,,"Bachelor's/transcript, English proficiency, program-specific requirements"
Australian National University,Australia,Canberra,BSc Computer Science,Computer Science,Bachelor,34007,3.5,Yes,Merit-based scholarships typically available,5/31/2027,26,6.5,No,Yes,,,"Bachelor's/transcript, English proficiency, program-specific requirements"
Australian National University,Australia,Canberra,MEng Engineering,Engineering,Master,30744,3.4,No,,1/15/2027,26,7,Yes,No,,,"Bachelor's/transcript, English proficiency, program-specific requirements"
University of Edinburgh,UK,Edinburgh,PhD Computer Science,Computer Science,PhD,10706,3.2,Yes,Merit-based scholarships typically available,1/15/2027,27,6.5,Yes,Yes,,,"Bachelor's/transcript, English proficiency, program-specific requirements"
University of Edinburgh,UK,Edinburgh,MEng Engineering,Engineering,Master,23650,2.7,Yes,Merit-based scholarships typically available,5/31/2027,27,7,No,Yes,,,"Bachelor's/transcript, English proficiency, program-specific requirements"
University of Manchester,UK,Manchester,PhD Engineering,Engineering,PhD,8348,2.9,Yes,Merit-based scholarships typically available,1/15/2027,32,7,Yes,Yes,,,"Bachelor's/transcript, English proficiency, program-specific requirements"
University of Manchester,UK,Manchester,Bachelor of Business Administration,Business,Bachelor,38569,3.6,No,,9/30/2027,32,7,Yes,No,,,"Bachelor's/transcript, English proficiency, program-specific requirements"
King's College London,UK,London,PhD Computer Science,Computer Science,PhD,11466,3.4,No,,6/30/2027,31,7,No,Yes,,,"Bachelor's/transcript, English proficiency, program-specific requirements"
King's College London,UK,London,Bachelor of Business Administration,Business,Bachelor,33229,3.4,Yes,Merit-based scholarships typically available,3/1/2027,31,7,Yes,Yes,,,"Bachelor's/transcript, English proficiency, program-specific requirements"
University of Michigan,USA,Ann Arbor,BSc Data Science,Data Science,Bachelor,55494,3.5,No,,6/30/2027,33,6.5,Yes,Yes,,,"Bachelor's/transcript, English proficiency, program-specific requirements"
University of Michigan,USA,Ann Arbor,PhD Computer Science,Computer Science,PhD,18769,3.5,Yes,Merit-based scholarships typically available,5/31/2027,33,6.5,No,No,,,"Bachelor's/transcript, English proficiency, program-specific requirements"
McGill University,Canada,Montreal,BSc Computer Science,Computer Science,Bachelor,23162,3,Yes,Merit-based scholarships typically available,5/31/2027,30,7,Yes,No,,,"Bachelor's/transcript, English proficiency, program-specific requirements"
McGill University,Canada,Montreal,Bachelor of Business Administration,Business,Bachelor,19128,2.7,Yes,Merit-based scholarships typically available,3/1/2027,30,6.5,Yes,No,,,"Bachelor's/transcript, English proficiency, program-specific requirements"
University of British Columbia (UBC),Canada,Vancouver,MSc Computer Science,Computer Science,Master,34474,2.7,No,,9/30/2027,34,6.5,Yes,No,,,"Bachelor's/transcript, English proficiency, program-specific requirements"
University of British Columbia (UBC),Canada,Vancouver,Bachelor of Business Administration,Business,Bachelor,22714,3.1,Yes,Merit-based scholarships typically available,6/30/2027,34,6.5,Yes,No,,,"Bachelor's/transcript, English proficiency, program-specific requirements"
Delft University of Technology (TU Delft),Netherlands,Delft,PhD Data Science,Data Science,PhD,5601,3.2,Yes,Merit-based scholarships typically available,9/30/2027,40,6.5,Yes,No,,,"Bachelor's/transcript, English proficiency, program-specific requirements"
Delft University of Technology (TU Delft),Netherlands,Delft,BSc Computer Science,Computer Science,Bachelor,14655,3.2,No,,3/1/2027,40,6,No,No,,,"Bachelor's/transcript, English proficiency, program-specific requirements"
University of Sydney,Australia,Sydney,PhD Medical Sciences,Medicine,PhD,13358,3.4,No,,1/15/2027,19,6.5,Yes,Yes,,,"Bachelor's/transcript, English proficiency, program-specific requirements"
University of Sydney,Australia,Sydney,BSc Data Science,Data Science,Bachelor,32361,2.9,No,,1/15/2027,19,7,Yes,Yes,,,"Bachelor's/transcript, English proficiency, program-specific requirements"
University of New South Wales (UNSW),Australia,Sydney,MSc Computer Science,Computer Science,Master,36643,3,Yes,Merit-based scholarships typically available,1/15/2027,19,6.5,No,Yes,,,"Bachelor's/transcript, English proficiency, program-specific requirements"
University of New South Wales (UNSW),Australia,Sydney,PhD Data Science,Data Science,PhD,13058,3.4,Yes,Merit-based scholarships typically available,5/31/2027,19,6.5,No,Yes,,,"Bachelor's/transcript, English proficiency, program-specific requirements"
Monash University,Australia,Melbourne,MSc Data Science,Data Science,Master,40535,3,Yes,Merit-based scholarships typically available,5/31/2027,42,6.5,No,Yes,,,"Bachelor's/transcript, English proficiency, program-specific requirements"
Monash University,Australia,Melbourne,Bachelor of Business Administration,Business,Bachelor,32830,2.8,Yes,Merit-based scholarships typically available,5/31/2027,42,6.5,Yes,No,,,"Bachelor's/transcript, English proficiency, program-specific requirements"
Technical University of Munich (TUM),Germany,Munich,MSc Computer Science,Computer Science,Master,2752,3.3,Yes,Merit-based scholarships typically available,6/30/2027,37,6.5,No,No,,,"Bachelor's/transcript, English proficiency, program-specific requirements"
Technical University of Munich (TUM),Germany,Munich,Master of Business Administration (MBA),Business,Master,1908,3.3,Yes,Merit-based scholarships typically available,9/30/2027,37,6,Yes,Yes,,,"Bachelor's/transcript, English proficiency, program-specific requirements"
LMU Munich,Germany,Munich,Master of Business Administration (MBA),Business,Master,1879,3.4,Yes,Merit-based scholarships typically available,6/30/2027,54,6.5,Yes,Yes,,,"Bachelor's/transcript, English proficiency, program-specific requirements"
LMU Munich,Germany,Munich,BSc Computer Science,Computer Science,Bachelor,305,2.6,No,,9/30/2027,54,6.5,Yes,Yes,,,"Bachelor's/transcript, English proficiency, program-specific requirements"
Heidelberg University,Germany,Heidelberg,MBBS,Medicine,Bachelor,2880,2.8,Yes,Merit-based scholarships typically available,6/30/2027,87,6.5,Yes,Yes,,,"Bachelor's/transcript, English proficiency, program-specific requirements"
Heidelberg University,Germany,Heidelberg,BEng Mechanical Engineering,Engineering,Bachelor,2013,3,No,,5/31/2027,87,6,Yes,No,,,"Bachelor's/transcript, English proficiency, program-specific requirements"
Seoul National University,South Korea,Seoul,Bachelor of Business Administration,Business,Bachelor,12883,2.5,Yes,Merit-based scholarships typically available,5/31/2027,41,6.5,Yes,Yes,,,"Bachelor's/transcript, English proficiency, program-specific requirements"
Seoul National University,South Korea,Seoul,PhD Engineering,Engineering,PhD,1828,2.8,No,,5/31/2027,41,6,Yes,No,,,"Bachelor's/transcript, English proficiency, program-specific requirements"
KAIST,South Korea,Daejeon,MD (Postgraduate),Medicine,Master,13581,3.3,Yes,Merit-based scholarships typically available,1/15/2027,56,6.5,Yes,Yes,,,"Bachelor's/transcript, English proficiency, program-specific requirements"
KAIST,South Korea,Daejeon,PhD Computer Science,Computer Science,PhD,2501,3.5,No,,3/1/2027,56,6.5,Yes,No,,,"Bachelor's/transcript, English proficiency, program-specific requirements"
Fudan University,China,Shanghai,MSc Data Science,Data Science,Master,4475,2.9,No,,9/30/2027,30,6,No,Yes,,,"Bachelor's/transcript, English proficiency, program-specific requirements"
Fudan University,China,Shanghai,BEng Mechanical Engineering,Engineering,Bachelor,10731,3.2,Yes,Merit-based scholarships typically available,3/1/2027,30,6.5,Yes,Yes,,,"Bachelor's/transcript, English proficiency, program-specific requirements"
Shanghai Jiao Tong University,China,Shanghai,MBBS,Medicine,Bachelor,11736,2.9,Yes,Merit-based scholarships typically available,5/31/2027,47,6.5,No,No,,,"Bachelor's/transcript, English proficiency, program-specific requirements"
Shanghai Jiao Tong University,China,Shanghai,MSc Data Science,Data Science,Master,7910,3,Yes,Merit-based scholarships typically available,6/30/2027,47,6,Yes,Yes,,,"Bachelor's/transcript, English proficiency, program-specific requirements"
University of Tokyo,Japan,Tokyo,PhD Computer Science,Computer Science,PhD,3495,3.1,Yes,Merit-based scholarships typically available,6/30/2027,24,6.5,Yes,No,,,"Bachelor's/transcript, English proficiency, program-specific requirements"
University of Tokyo,Japan,Tokyo,BSc Data Science,Data Science,Bachelor,9487,2.8,Yes,Merit-based scholarships typically available,3/1/2027,24,6.5,No,Yes,,,"Bachelor's/transcript, English proficiency, program-specific requirements"
Kyoto University,Japan,Kyoto,MEng Engineering,Engineering,Master,7116,2.7,No,,1/15/2027,55,6.5,Yes,No,,,"Bachelor's/transcript, English proficiency, program-specific requirements"
Kyoto University,Japan,Kyoto,PhD Data Science,Data Science,PhD,2787,2.9,Yes,Merit-based scholarships typically available,5/31/2027,55,6,Yes,No,,,"Bachelor's/transcript, English proficiency, program-specific requirements"
KTH Royal Institute of Technology,Sweden,Stockholm,MBBS,Medicine,Bachelor,20247,3.2,No,,3/1/2027,78,6,Yes,Yes,,,"Bachelor's/transcript, English proficiency, program-specific requirements"
KTH Royal Institute of Technology,Sweden,Stockholm,MEng Engineering,Engineering,Master,18549,3,No,,5/31/2027,78,6,Yes,Yes,,,"Bachelor's/transcript, English proficiency, program-specific requirements"
Lund University,Sweden,Lund,PhD Business Administration,Business,PhD,6007,2.6,Yes,Merit-based scholarships typically available,9/30/2027,85,6.5,Yes,Yes,,,"Bachelor's/transcript, English proficiency, program-specific requirements"
Lund University,Sweden,Lund,MBBS,Medicine,Bachelor,15666,2.7,Yes,Merit-based scholarships typically available,1/15/2027,85,6.5,Yes,Yes,,,"Bachelor's/transcript, English proficiency, program-specific requirements"
University of Copenhagen,Denmark,Copenhagen,BSc Computer Science,Computer Science,Bachelor,16664,3.2,Yes,Merit-based scholarships typically available,5/31/2027,96,6,No,No,,,"Bachelor's/transcript, English proficiency, program-specific requirements"
University of Copenhagen,Denmark,Copenhagen,PhD Data Science,Data Science,PhD,5163,3.3,Yes,Merit-based scholarships typically available,1/15/2027,96,6,Yes,No,,,"Bachelor's/transcript, English proficiency, program-specific requirements"
University of Amsterdam,Netherlands,Amsterdam,MD (Postgraduate),Medicine,Master,14274,3.4,Yes,Merit-based scholarships typically available,1/15/2027,44,6,No,No,,,"Bachelor's/transcript, English proficiency, program-specific requirements"
University of Amsterdam,Netherlands,Amsterdam,MSc Data Science,Data Science,Master,14564,3.2,Yes,Merit-based scholarships typically available,3/1/2027,44,6.5,No,Yes,,,"Bachelor's/transcript, English proficiency, program-specific requirements"
Sorbonne University,France,Paris,MBBS,Medicine,Bachelor,9747,3.2,No,,1/15/2027,58,6,Yes,No,,,"Bachelor's/transcript, English proficiency, program-specific requirements"
Sorbonne University,France,Paris,PhD Data Science,Data Science,PhD,4080,2.6,Yes,Merit-based scholarships typically available,3/1/2027,58,6.5,Yes,Yes,,,"Bachelor's/transcript, English proficiency, program-specific requirements"
Sciences Po,France,Paris,PhD Business Administration,Business,PhD,2561,3,No,,6/30/2027,219,6,Yes,No,,,"Bachelor's/transcript, English proficiency, program-specific requirements"
Sciences Po,France,Paris,PhD Computer Science,Computer Science,PhD,3381,2.7,Yes,Merit-based scholarships typically available,3/1/2027,219,6.5,Yes,Yes,,,"Bachelor's/transcript, English proficiency, program-specific requirements"
KU Leuven,Belgium,Leuven,Master of Business Administration (MBA),Business,Master,7229,2.6,Yes,Merit-based scholarships typically available,9/30/2027,60,6.5,No,Yes,,,"Bachelor's/transcript, English proficiency, program-specific requirements"
KU Leuven,Belgium,Leuven,BSc Data Science,Data Science,Bachelor,4973,3.5,Yes,Merit-based scholarships typically available,1/15/2027,60,6,Yes,Yes,,,"Bachelor's/transcript, English proficiency, program-specific requirements"
University of Zurich,Switzerland,Zurich,PhD Data Science,Data Science,PhD,798,2.6,Yes,Merit-based scholarships typically available,1/15/2027,74,6,Yes,No,,,"Bachelor's/transcript, English proficiency, program-specific requirements"
University of Zurich,Switzerland,Zurich,PhD Computer Science,Computer Science,PhD,1221,2.6,No,,1/15/2027,74,6,Yes,Yes,,,"Bachelor's/transcript, English proficiency, program-specific requirements"
Trinity College Dublin,Ireland,Dublin,BSc Data Science,Data Science,Bachelor,19108,3.3,No,,5/31/2027,87,7,Yes,Yes,,,"Bachelor's/transcript, English proficiency, program-specific requirements"
Trinity College Dublin,Ireland,Dublin,Bachelor of Business Administration,Business,Bachelor,14047,2.8,Yes,Merit-based scholarships typically available,5/31/2027,87,7,Yes,Yes,,,"Bachelor's/transcript, English proficiency, program-specific requirements"
University of Warwick,UK,Coventry,Master of Business Administration (MBA),Business,Master,36170,2.6,Yes,Merit-based scholarships typically available,6/30/2027,67,6.5,Yes,No,,,"Bachelor's/transcript, English proficiency, program-specific requirements"
University of Warwick,UK,Coventry,BEng Mechanical Engineering,Engineering,Bachelor,32594,3.3,Yes,Merit-based scholarships typically available,6/30/2027,67,6.5,No,No,,,"Bachelor's/transcript, English proficiency, program-specific requirements"
University of Bristol,UK,Bristol,BSc Data Science,Data Science,Bachelor,34306,3,Yes,Merit-based scholarships typically available,1/15/2027,61,7,Yes,Yes,,,"Bachelor's/transcript, English proficiency, program-specific requirements"
University of Bristol,UK,Bristol,PhD Business Administration,Business,PhD,9933,2.8,Yes,Merit-based scholarships typically available,9/30/2027,61,6.5,Yes,No,,,"Bachelor's/transcript, English proficiency, program-specific requirements"
University of Glasgow,UK,Glasgow,BEng Mechanical Engineering,Engineering,Bachelor,41515,3.5,No,,1/15/2027,76,6.5,Yes,Yes,,,"Bachelor's/transcript, English proficiency, program-specific requirements"
University of Glasgow,UK,Glasgow,MD (Postgraduate),Medicine,Master,37261,3.4,Yes,Merit-based scholarships typically available,6/30/2027,76,7,Yes,No,,,"Bachelor's/transcript, English proficiency, program-specific requirements"
University of Leeds,UK,Leeds,PhD Data Science,Data Science,PhD,9581,3.4,No,,9/30/2027,75,6.5,Yes,No,,,"Bachelor's/transcript, English proficiency, program-specific requirements"
University of Leeds,UK,Leeds,MSc Computer Science,Computer Science,Master,33857,2.6,No,,3/1/2027,75,7,Yes,Yes,,,"Bachelor's/transcript, English proficiency, program-specific requirements"
University of Sheffield,UK,Sheffield,PhD Business Administration,Business,PhD,6932,3.1,Yes,Merit-based scholarships typically available,5/31/2027,104,6.5,Yes,Yes,,,"Bachelor's/transcript, English proficiency, program-specific requirements"
University of Sheffield,UK,Sheffield,BSc Computer Science,Computer Science,Bachelor,30679,2.6,No,,1/15/2027,104,7,Yes,No,,,"Bachelor's/transcript, English proficiency, program-specific requirements"
Durham University,UK,Durham,BSc Data Science,Data Science,Bachelor,35659,3.2,Yes,Merit-based scholarships typically available,3/1/2027,78,6.5,Yes,No,,,"Bachelor's/transcript, English proficiency, program-specific requirements"
Durham University,UK,Durham,MD (Postgraduate),Medicine,Master,40575,2.9,Yes,Merit-based scholarships typically available,5/31/2027,78,6.5,Yes,Yes,,,"Bachelor's/transcript, English proficiency, program-specific requirements"
University of Southampton,UK,Southampton,BSc Data Science,Data Science,Bachelor,27024,3.5,Yes,Merit-based scholarships typically available,9/30/2027,90,6.5,Yes,Yes,,,"Bachelor's/transcript, English proficiency, program-specific requirements"
University of Southampton,UK,Southampton,MD (Postgraduate),Medicine,Master,30246,3.1,Yes,Merit-based scholarships typically available,3/1/2027,90,6.5,No,No,,,"Bachelor's/transcript, English proficiency, program-specific requirements"
University of Birmingham,UK,Birmingham,BSc Computer Science,Computer Science,Bachelor,37557,3.4,Yes,Merit-based scholarships typically available,5/31/2027,84,6.5,Yes,Yes,,,"Bachelor's/transcript, English proficiency, program-specific requirements"
University of Birmingham,UK,Birmingham,MBBS,Medicine,Bachelor,23651,3.2,Yes,Merit-based scholarships typically available,9/30/2027,84,6.5,Yes,No,,,"Bachelor's/transcript, English proficiency, program-specific requirements"
Boston University,USA,Boston,MD (Postgraduate),Medicine,Master,54760,3.4,Yes,Merit-based scholarships typically available,1/15/2027,68,6.5,No,No,,,"Bachelor's/transcript, English proficiency, program-specific requirements"
Boston University,USA,Boston,BSc Data Science,Data Science,Bachelor,36227,2.9,Yes,Merit-based scholarships typically available,1/15/2027,68,6.5,Yes,Yes,,,"Bachelor's/transcript, English proficiency, program-specific requirements"
New York University (NYU),USA,New York,MBBS,Medicine,Bachelor,61831,2.9,Yes,Merit-based scholarships typically available,5/31/2027,39,6.5,No,No,,,"Bachelor's/transcript, English proficiency, program-specific requirements"
New York University (NYU),USA,New York,BSc Data Science,Data Science,Bachelor,41665,3.4,Yes,Merit-based scholarships typically available,9/30/2027,39,7,Yes,No,,,"Bachelor's/transcript, English proficiency, program-specific requirements"
University of Wisconsin-Madison,USA,Madison,PhD Computer Science,Computer Science,PhD,15907,3.2,Yes,Merit-based scholarships typically available,1/15/2027,63,6.5,Yes,No,,,"Bachelor's/transcript, English proficiency, program-specific requirements"
University of Wisconsin-Madison,USA,Madison,Master of Business Administration (MBA),Business,Master,44283,2.8,No,,1/15/2027,63,7,No,No,,,"Bachelor's/transcript, English proficiency, program-specific requirements"
University of Illinois Urbana-Champaign,USA,Urbana,Bachelor of Business Administration,Business,Bachelor,63319,3.2,Yes,Merit-based scholarships typically available,6/30/2027,45,7,Yes,Yes,,,"Bachelor's/transcript, English proficiency, program-specific requirements"
University of Illinois Urbana-Champaign,USA,Urbana,MD (Postgraduate),Medicine,Master,64544,3,Yes,Merit-based scholarships typically available,1/15/2027,45,7,No,No,,,"Bachelor's/transcript, English proficiency, program-specific requirements"
Purdue University,USA,West Lafayette,Bachelor of Business Administration,Business,Bachelor,35486,3.1,Yes,Merit-based scholarships typically available,6/30/2027,46,6.5,No,No,,,"Bachelor's/transcript, English proficiency, program-specific requirements"
Purdue University,USA,West Lafayette,PhD Data Science,Data Science,PhD,15459,2.7,Yes,Merit-based scholarships typically available,5/31/2027,46,6.5,No,Yes,,,"Bachelor's/transcript, English proficiency, program-specific requirements"
University of Texas at Austin,USA,Austin,MSc Computer Science,Computer Science,Master,51073,2.8,Yes,Merit-based scholarships typically available,1/15/2027,55,7,Yes,Yes,,,"Bachelor's/transcript, English proficiency, program-specific requirements"
University of Texas at Austin,USA,Austin,PhD Medical Sciences,Medicine,PhD,16755,2.6,Yes,Merit-based scholarships typically available,9/30/2027,55,6.5,No,Yes,,,"Bachelor's/transcript, English proficiency, program-specific requirements"
Georgia Institute of Technology,USA,Atlanta,PhD Medical Sciences,Medicine,PhD,18819,3.4,Yes,Merit-based scholarships typically available,3/1/2027,61,6.5,Yes,No,,,"Bachelor's/transcript, English proficiency, program-specific requirements"
Georgia Institute of Technology,USA,Atlanta,PhD Business Administration,Business,PhD,12038,2.9,Yes,Merit-based scholarships typically available,3/1/2027,61,6.5,No,Yes,,,"Bachelor's/transcript, English proficiency, program-specific requirements"
Carnegie Mellon University,USA,Pittsburgh,PhD Computer Science,Computer Science,PhD,18739,2.6,Yes,Merit-based scholarships typically available,9/30/2027,52,7,No,No,,,"Bachelor's/transcript, English proficiency, program-specific requirements"
Carnegie Mellon University,USA,Pittsburgh,PhD Medical Sciences,Medicine,PhD,14629,3.1,Yes,Merit-based scholarships typically available,6/30/2027,52,7,No,No,,,"Bachelor's/transcript, English proficiency, program-specific requirements"
University of Washington,USA,Seattle,Bachelor of Business Administration,Business,Bachelor,35765,3.2,Yes,Merit-based scholarships typically available,6/30/2027,66,7,Yes,No,,,"Bachelor's/transcript, English proficiency, program-specific requirements"
University of Washington,USA,Seattle,PhD Medical Sciences,Medicine,PhD,18167,3.4,Yes,Merit-based scholarships typically available,6/30/2027,66,7,Yes,Yes,,,"Bachelor's/transcript, English proficiency, program-specific requirements"
Duke University,USA,Durham (NC),MSc Data Science,Data Science,Master,46971,3.4,Yes,Merit-based scholarships typically available,9/30/2027,71,6.5,Yes,Yes,,,"Bachelor's/transcript, English proficiency, program-specific requirements"
Duke University,USA,Durham (NC),BEng Mechanical Engineering,Engineering,Bachelor,59034,3.4,Yes,Merit-based scholarships typically available,9/30/2027,71,6.5,Yes,No,,,"Bachelor's/transcript, English proficiency, program-specific requirements"
University of Waterloo,Canada,Waterloo,BSc Data Science,Data Science,Bachelor,38123,3.3,No,,1/15/2027,112,6.5,Yes,No,,,"Bachelor's/transcript, English proficiency, program-specific requirements"
University of Waterloo,Canada,Waterloo,MSc Computer Science,Computer Science,Master,44574,3.3,Yes,Merit-based scholarships typically available,3/1/2027,112,6.5,Yes,No,,,"Bachelor's/transcript, English proficiency, program-specific requirements"
University of Alberta,Canada,Edmonton,PhD Data Science,Data Science,PhD,8103,2.7,Yes,Merit-based scholarships typically available,9/30/2027,111,7,Yes,No,,,"Bachelor's/transcript, English proficiency, program-specific requirements"
University of Alberta,Canada,Edmonton,PhD Engineering,Engineering,PhD,10374,2.9,Yes,Merit-based scholarships typically available,1/15/2027,111,6.5,Yes,No,,,"Bachelor's/transcript, English proficiency, program-specific requirements"
Western University,Canada,London (ON),PhD Data Science,Data Science,PhD,8622,2.7,Yes,Merit-based scholarships typically available,5/31/2027,114,6.5,No,Yes,,,"Bachelor's/transcript, English proficiency, program-specific requirements"
Western University,Canada,London (ON),PhD Engineering,Engineering,PhD,8936,3.1,Yes,Merit-based scholarships typically available,9/30/2027,114,6.5,Yes,No,,,"Bachelor's/transcript, English proficiency, program-specific requirements"
University of Malaya,Malaysia,Kuala Lumpur,MEng Engineering,Engineering,Master,5522,2.7,No,,5/31/2027,65,6,Yes,Yes,,,"Bachelor's/transcript, English proficiency, program-specific requirements"
Universiti Kebangsaan Malaysia (UKM),Malaysia,Bangi,BSc Computer Science,Computer Science,Bachelor,3723,3.2,Yes,Merit-based scholarships typically available,6/30/2027,141,6.5,No,No,,,"Bachelor's/transcript, English proficiency, program-specific requirements"
Universiti Kebangsaan Malaysia (UKM),Malaysia,Bangi,MBBS,Medicine,Bachelor,3581,2.7,Yes,Merit-based scholarships typically available,1/15/2027,141,6,Yes,Yes,,,"Bachelor's/transcript, English proficiency, program-specific requirements"
Universiti Putra Malaysia (UPM),Malaysia,Serdang,MD (Postgraduate),Medicine,Master,3371,2.9,No,,3/1/2027,130,6.5,No,No,,,"Bachelor's/transcript, English proficiency, program-specific requirements"
Universiti Putra Malaysia (UPM),Malaysia,Serdang,PhD Engineering,Engineering,PhD,1078,2.9,Yes,Merit-based scholarships typically available,6/30/2027,130,6,Yes,Yes,,,"Bachelor's/transcript, English proficiency, program-specific requirements"
Sunway University,Malaysia,Petaling Jaya,MSc Data Science,Data Science,Master,3284,3.2,Yes,Merit-based scholarships typically available,5/31/2027,601,6.5,Yes,Yes,,,"Bachelor's/transcript, English proficiency, program-specific requirements"
Sunway University,Malaysia,Petaling Jaya,MBBS,Medicine,Bachelor,7783,3.5,No,,9/30/2027,601,6.5,No,No,,,"Bachelor's/transcript, English proficiency, program-specific requirements"
Chulalongkorn University,Thailand,Bangkok,BSc Data Science,Data Science,Bachelor,2860,3.1,Yes,Merit-based scholarships typically available,6/30/2027,217,6,Yes,Yes,,,"Bachelor's/transcript, English proficiency, program-specific requirements"
Chulalongkorn University,Thailand,Bangkok,MBBS,Medicine,Bachelor,3359,3.2,Yes,Merit-based scholarships typically available,3/1/2027,217,6,Yes,Yes,,,"Bachelor's/transcript, English proficiency, program-specific requirements"
Universitas Indonesia,Indonesia,Depok,PhD Medical Sciences,Medicine,PhD,879,2.8,No,,5/31/2027,245,6,No,No,,,"Bachelor's/transcript, English proficiency, program-specific requirements"
Universitas Indonesia,Indonesia,Depok,PhD Business Administration,Business,PhD,1773,2.9,Yes,Merit-based scholarships typically available,6/30/2027,245,6.5,Yes,No,,,"Bachelor's/transcript, English proficiency, program-specific requirements"
University of Cape Town,South Africa,Cape Town,BSc Data Science,Data Science,Bachelor,5141,3.2,Yes,Merit-based scholarships typically available,1/15/2027,171,6.5,No,No,,,"Bachelor's/transcript, English proficiency, program-specific requirements"
University of Cape Town,South Africa,Cape Town,PhD Medical Sciences,Medicine,PhD,1029,3.2,Yes,Merit-based scholarships typically available,6/30/2027,171,6.5,Yes,Yes,,,"Bachelor's/transcript, English proficiency, program-specific requirements"
American University of Sharjah (AUS),UAE,Sharjah,BSc Computer Science,Computer Science,Bachelor,19265,3.4,Yes,Merit-based scholarships typically available,3/1/2027,379,6,No,No,,,"Bachelor's/transcript, English proficiency, program-specific requirements"
American University of Sharjah (AUS),UAE,Sharjah,MBBS,Medicine,Bachelor,29420,2.9,Yes,Merit-based scholarships typically available,3/1/2027,379,6.5,No,No,,,"Bachelor's/transcript, English proficiency, program-specific requirements"
United Arab Emirates University,UAE,Al Ain,Bachelor of Business Administration,Business,Bachelor,22163,2.8,No,,5/31/2027,421,6,Yes,Yes,,,"Bachelor's/transcript, English proficiency, program-specific requirements"
United Arab Emirates University,UAE,Al Ain,PhD Computer Science,Computer Science,PhD,8976,2.7,Yes,Merit-based scholarships typically available,1/15/2027,421,6,Yes,Yes,,,"Bachelor's/transcript, English proficiency, program-specific requirements"
Khalifa University,UAE,Abu Dhabi,PhD Engineering,Engineering,PhD,4641,2.5,Yes,Merit-based scholarships typically available,1/15/2027,195,6,No,Yes,,,"Bachelor's/transcript, English proficiency, program-specific requirements"
Khalifa University,UAE,Abu Dhabi,BSc Data Science,Data Science,Bachelor,29032,3.3,No,,3/1/2027,195,6,No,No,,,"Bachelor's/transcript, English proficiency, program-specific requirements"
Qatar University,Qatar,Doha,BSc Computer Science,Computer Science,Bachelor,13328,2.5,Yes,Merit-based scholarships typically available,1/15/2027,296,6.5,Yes,Yes,,,"Bachelor's/transcript, English proficiency, program-specific requirements"
Qatar University,Qatar,Doha,BSc Data Science,Data Science,Bachelor,11603,2.7,No,,5/31/2027,296,6.5,Yes,No,,,"Bachelor's/transcript, English proficiency, program-specific requirements"
King Fahd University of Petroleum and Minerals (KFUPM),Saudi Arabia,Dhahran,MSc Computer Science,Computer Science,Master,2315,3.3,Yes,Merit-based scholarships typically available,5/31/2027,191,6.5,No,No,,,"Bachelor's/transcript, English proficiency, program-specific requirements"
King Fahd University of Petroleum and Minerals (KFUPM),Saudi Arabia,Dhahran,MEng Engineering,Engineering,Master,253,2.5,Yes,Merit-based scholarships typically available,9/30/2027,191,6,Yes,No,,,"Bachelor's/transcript, English proficiency, program-specific requirements"
King Saud University,Saudi Arabia,Riyadh,PhD Computer Science,Computer Science,PhD,223,3.4,No,,3/1/2027,200,6.5,Yes,Yes,,,"Bachelor's/transcript, English proficiency, program-specific requirements"
King Saud University,Saudi Arabia,Riyadh,MSc Data Science,Data Science,Master,442,2.9,Yes,Merit-based scholarships typically available,1/15/2027,200,6.5,No,Yes,,,"Bachelor's/transcript, English proficiency, program-specific requirements"
Middle East Technical University (METU),Turkey,Ankara,PhD Business Administration,Business,PhD,1090,3.5,No,,5/31/2027,601,6,No,Yes,,,"Bachelor's/transcript, English proficiency, program-specific requirements"
Middle East Technical University (METU),Turkey,Ankara,MEng Engineering,Engineering,Master,2858,3.5,Yes,Merit-based scholarships typically available,1/15/2027,601,6.5,No,Yes,,,"Bachelor's/transcript, English proficiency, program-specific requirements"
Bilkent University,Turkey,Ankara,BEng Mechanical Engineering,Engineering,Bachelor,4787,3.5,Yes,Merit-based scholarships typically available,1/15/2027,801,6.5,No,Yes,,,"Bachelor's/transcript, English proficiency, program-specific requirements"
Bilkent University,Turkey,Ankara,MD (Postgraduate),Medicine,Master,3188,2.8,Yes,Merit-based scholarships typically available,9/30/2027,801,6,Yes,Yes,,,"Bachelor's/transcript, English proficiency, program-specific requirements"
Bogazici University,Turkey,Istanbul,PhD Business Administration,Business,PhD,1909,3.3,No,,1/15/2027,651,6.5,No,No,,,"Bachelor's/transcript, English proficiency, program-specific requirements"
Bogazici University,Turkey,Istanbul,PhD Data Science,Data Science,PhD,831,3.2,Yes,Merit-based scholarships typically available,5/31/2027,651,6,Yes,No,,,"Bachelor's/transcript, English proficiency, program-specific requirements"
National University of Sciences and Technology (NUST),Pakistan,Islamabad,BEng Mechanical Engineering,Engineering,Bachelor,6673,3.2,Yes,Merit-based scholarships typically available,3/1/2027,355,6,Yes,No,,,"Bachelor's/transcript, English proficiency, program-specific requirements"
National University of Sciences and Technology (NUST),Pakistan,Islamabad,PhD Data Science,Data Science,PhD,3394,3.3,Yes,Merit-based scholarships typically available,3/1/2027,355,6.5,No,No,,,"Bachelor's/transcript, English proficiency, program-specific requirements"
Lahore University of Management Sciences (LUMS),Pakistan,Lahore,MSc Data Science,Data Science,Master,4301,3.6,Yes,Merit-based scholarships typically available,1/15/2027,401,6,No,Yes,,,"Bachelor's/transcript, English proficiency, program-specific requirements"
Lahore University of Management Sciences (LUMS),Pakistan,Lahore,MBBS,Medicine,Bachelor,7495,3.6,Yes,Merit-based scholarships typically available,5/31/2027,401,6.5,Yes,No,,,"Bachelor's/transcript, English proficiency, program-specific requirements"
Quaid-i-Azam University,Pakistan,Islamabad,PhD Data Science,Data Science,PhD,885,2.7,Yes,Merit-based scholarships typically available,6/30/2027,601,6.5,Yes,Yes,,,"Bachelor's/transcript, English proficiency, program-specific requirements"
Quaid-i-Azam University,Pakistan,Islamabad,MSc Computer Science,Computer Science,Master,8352,2.7,No,,5/31/2027,601,6.5,Yes,Yes,,,"Bachelor's/transcript, English proficiency, program-specific requirements"
University of the Punjab,Pakistan,Lahore,BEng Mechanical Engineering,Engineering,Bachelor,5169,3.3,Yes,Merit-based scholarships typically available,9/30/2027,801,6.5,Yes,Yes,,,"Bachelor's/transcript, English proficiency, program-specific requirements"
University of the Punjab,Pakistan,Lahore,PhD Business Administration,Business,PhD,1251,2.6,No,,6/30/2027,801,6.5,Yes,Yes,,,"Bachelor's/transcript, English proficiency, program-specific requirements"
COMSATS University Islamabad,Pakistan,Islamabad,Master of Business Administration (MBA),Business,Master,11515,2.8,Yes,Merit-based scholarships typically available,6/30/2027,,6.5,Yes,Yes,,,"Bachelor's/transcript, English proficiency, program-specific requirements"
COMSATS University Islamabad,Pakistan,Islamabad,PhD Data Science,Data Science,PhD,2371,3.2,No,,3/1/2027,,6.5,Yes,No,,,"Bachelor's/transcript, English proficiency, program-specific requirements"
FAST National University,Pakistan,Karachi,Bachelor of Business Administration,Business,Bachelor,5316,2.7,No,,3/1/2027,,6.5,Yes,No,,,"Bachelor's/transcript, English proficiency, program-specific requirements"
FAST National University,Pakistan,Karachi,PhD Computer Science,Computer Science,PhD,1367,3,No,,1/15/2027,,6.5,No,No,,,"Bachelor's/transcript, English proficiency, program-specific requirements"
Air University,Pakistan,Islamabad,Bachelor of Business Administration,Business,Bachelor,4211,3.1,Yes,Merit-based scholarships typically available,1/15/2027,,6.5,No,Yes,,,"Bachelor's/transcript, English proficiency, program-specific requirements"
Air University,Pakistan,Islamabad,MD (Postgraduate),Medicine,Master,5695,2.9,Yes,Merit-based scholarships typically available,1/15/2027,,6,Yes,No,,,"Bachelor's/transcript, English proficiency, program-specific requirements"
University of Engineering and Technology (UET) Lahore,Pakistan,Lahore,BEng Mechanical Engineering,Engineering,Bachelor,4877,3.3,Yes,Merit-based scholarships typically available,9/30/2027,,6,Yes,No,,,"Bachelor's/transcript, English proficiency, program-specific requirements"
University of Engineering and Technology (UET) Lahore,Pakistan,Lahore,MBBS,Medicine,Bachelor,3895,3.5,Yes,Merit-based scholarships typically available,1/15/2027,,6,Yes,Yes,,,"Bachelor's/transcript, English proficiency, program-specific requirements"
Aga Khan University,Pakistan,Karachi,PhD Data Science,Data Science,PhD,3499,3,Yes,Merit-based scholarships typically available,5/31/2027,,6,Yes,No,,,"Bachelor's/transcript, English proficiency, program-specific requirements"
Aga Khan University,Pakistan,Karachi,BEng Mechanical Engineering,Engineering,Bachelor,5581,2.9,No,,5/31/2027,,6.5,No,Yes,,,"Bachelor's/transcript, English proficiency, program-specific requirements"
Indian Institute of Technology Bombay (IIT Bombay),India,Mumbai,PhD Business Administration,Business,PhD,1290,2.8,Yes,Merit-based scholarships typically available,5/31/2027,118,6.5,Yes,No,,,"Bachelor's/transcript, English proficiency, program-specific requirements"
Indian Institute of Technology Bombay (IIT Bombay),India,Mumbai,MSc Computer Science,Computer Science,Master,7106,2.6,No,,5/31/2027,118,6,Yes,No,,,"Bachelor's/transcript, English proficiency, program-specific requirements"
Indian Institute of Technology Delhi (IIT Delhi),India,Delhi,PhD Computer Science,Computer Science,PhD,1397,3.1,Yes,Merit-based scholarships typically available,5/31/2027,123,6,No,Yes,,,"Bachelor's/transcript, English proficiency, program-specific requirements"
Indian Institute of Technology Delhi (IIT Delhi),India,Delhi,MBBS,Medicine,Bachelor,2589,2.8,No,,9/30/2027,123,6,No,Yes,,,"Bachelor's/transcript, English proficiency, program-specific requirements"
Indian Institute of Science (IISc),India,Bangalore,MSc Data Science,Data Science,Master,4838,2.7,Yes,Merit-based scholarships typically available,6/30/2027,201,6,No,Yes,,,"Bachelor's/transcript, English proficiency, program-specific requirements"
Indian Institute of Science (IISc),India,Bangalore,PhD Medical Sciences,Medicine,PhD,1947,3.4,No,,3/1/2027,201,6.5,No,Yes,,,"Bachelor's/transcript, English proficiency, program-specific requirements"
University of Dhaka,Bangladesh,Dhaka,PhD Medical Sciences,Medicine,PhD,1377,3.5,No,,9/30/2027,801,6,Yes,No,,,"Bachelor's/transcript, English proficiency, program-specific requirements"
University of Dhaka,Bangladesh,Dhaka,BSc Computer Science,Computer Science,Bachelor,2141,3,Yes,Merit-based scholarships typically available,1/15/2027,801,6.5,Yes,Yes,,,"Bachelor's/transcript, English proficiency, program-specific requirements"
BRAC University,Bangladesh,Dhaka,Master of Business Administration (MBA),Business,Master,2348,3.2,No,,1/15/2027,,6,Yes,No,,,"Bachelor's/transcript, English proficiency, program-specific requirements"
BRAC University,Bangladesh,Dhaka,PhD Data Science,Data Science,PhD,1682,3.2,Yes,Merit-based scholarships typically available,6/30/2027,,6.5,Yes,No,,,"Bachelor's/transcript, English proficiency, program-specific requirements"
